<?xml version="1.0" encoding="UTF-8"?>
<!DOCTYPE suppressions PUBLIC "-//Puppy Crawl//DTD Suppressions 1.1//EN" "http://www.puppycrawl.com/dtds/suppressions_1_1.dtd">
<suppressions>
  <suppress checks="AvoidNestedBlocks" files="GraphicsUtil.java"/>
  <suppress checks="ConstantName" files="PNGRed.java"/>
  <suppress checks="ConstantName" files="Any2LsRGBRed.java"/>
  <suppress checks="(Constant|Method)Name" files="GraphicsUtil.java"/>
  <suppress checks="(Constant|Method)Name" files="PNGImageDecoder.java"/>
  <suppress checks="(Constant|Method)Name" files="Any2sRGBRed.java"/>
  <suppress checks="MethodName" files="PNGRed.java"/>
  <suppress checks="MethodName" files="PNGFile.java"/>
  <suppress checks="MethodName" files="ColorProfileUtil.java"/>
  <suppress checks="HideUtilityClassConstructor" files="PSFontUtils.java"/>
  <suppress checks="HideUtilityClassConstructor" files="PSImageUtils.java"/>
  <suppress checks="MissingSwitchDefault" files="PNGImageDecoder.java"/>
  <suppress checks="MissingSwitchDefault" files="PNGImageEncoder.java"/>
  <suppress checks="MissingSwitchDefault" files="PNGRed.java"/>
  <suppress checks="MissingSwitchDefault" files="TIFFImage.java"/>
  <suppress checks="MissingSwitchDefault" files="TIFFImageEncoder.java"/>
</suppressions>
