<?xml version='1.0'?>
<!--
  Licensed to the Apache Software Foundation (ASF) under one or more
  contributor license agreements.  See the NOTICE file distributed with
  this work for additional information regarding copyright ownership.
  The ASF licenses this file to You under the Apache License, Version 2.0
  (the "License"); you may not use this file except in compliance with
  the License.  You may obtain a copy of the License at

       http://www.apache.org/licenses/LICENSE-2.0

  Unless required by applicable law or agreed to in writing, software
  distributed under the License is distributed on an "AS IS" BASIS,
  WITHOUT WARRANTIES OR CONDITIONS OF ANY KIND, either express or implied.
  See the License for the specific language governing permissions and
  limitations under the License.
-->
<!-- $Id$ -->
<!DOCTYPE encoding-set [
  <!ELEMENT encoding-set (encoding+)>
  <!ELEMENT encoding (glyph+)>
  <!ATTLIST encoding id ID #REQUIRED constant CDATA #REQUIRED glyphlist CDATA "AGL">
  <!ELEMENT glyph EMPTY>
  <!ATTLIST glyph codepoint CDATA #REQUIRED name CDATA #REQUIRED>
]>
<encoding-set>
  <encoding id='StandardEncoding' constant="STANDARD_ENCODING" glyphlist='AGL'>
    <glyph codepoint='20' name='space'/>
    <glyph codepoint='21' name='exclam'/>
    <glyph codepoint='22' name='quotedbl'/>
    <glyph codepoint='23' name='numbersign'/>
    <glyph codepoint='24' name='dollar'/>
    <glyph codepoint='25' name='percent'/>
    <glyph codepoint='26' name='ampersand'/>
    <glyph codepoint='27' name='quoteright'/>
    <glyph codepoint='28' name='parenleft'/>
    <glyph codepoint='29' name='parenright'/>
    <glyph codepoint='2a' name='asterisk'/>
    <glyph codepoint='2b' name='plus'/>
    <glyph codepoint='2c' name='comma'/>
    <glyph codepoint='2d' name='hyphen'/>
    <glyph codepoint='2e' name='period'/>
    <glyph codepoint='2f' name='slash'/>
    <glyph codepoint='30' name='zero'/>
    <glyph codepoint='31' name='one'/>
    <glyph codepoint='32' name='two'/>
    <glyph codepoint='33' name='three'/>
    <glyph codepoint='34' name='four'/>
    <glyph codepoint='35' name='five'/>
    <glyph codepoint='36' name='six'/>
    <glyph codepoint='37' name='seven'/>
    <glyph codepoint='38' name='eight'/>
    <glyph codepoint='39' name='nine'/>
    <glyph codepoint='3a' name='colon'/>
    <glyph codepoint='3b' name='semicolon'/>
    <glyph codepoint='3c' name='less'/>
    <glyph codepoint='3d' name='equal'/>
    <glyph codepoint='3e' name='greater'/>
    <glyph codepoint='3f' name='question'/>
    <glyph codepoint='40' name='at'/>
    <glyph codepoint='41' name='A'/>
    <glyph codepoint='42' name='B'/>
    <glyph codepoint='43' name='C'/>
    <glyph codepoint='44' name='D'/>
    <glyph codepoint='45' name='E'/>
    <glyph codepoint='46' name='F'/>
    <glyph codepoint='47' name='G'/>
    <glyph codepoint='48' name='H'/>
    <glyph codepoint='49' name='I'/>
    <glyph codepoint='4a' name='J'/>
    <glyph codepoint='4b' name='K'/>
    <glyph codepoint='4c' name='L'/>
    <glyph codepoint='4d' name='M'/>
    <glyph codepoint='4e' name='N'/>
    <glyph codepoint='4f' name='O'/>
    <glyph codepoint='50' name='P'/>
    <glyph codepoint='51' name='Q'/>
    <glyph codepoint='52' name='R'/>
    <glyph codepoint='53' name='S'/>
    <glyph codepoint='54' name='T'/>
    <glyph codepoint='55' name='U'/>
    <glyph codepoint='56' name='V'/>
    <glyph codepoint='57' name='W'/>
    <glyph codepoint='58' name='X'/>
    <glyph codepoint='59' name='Y'/>
    <glyph codepoint='5a' name='Z'/>
    <glyph codepoint='5b' name='bracketleft'/>
    <glyph codepoint='5c' name='backslash'/>
    <glyph codepoint='5d' name='bracketright'/>
    <glyph codepoint='5e' name='asciicircum'/>
    <glyph codepoint='5f' name='underscore'/>
    <glyph codepoint='60' name='quoteleft'/>
    <glyph codepoint='61' name='a'/>
    <glyph codepoint='62' name='b'/>
    <glyph codepoint='63' name='c'/>
    <glyph codepoint='64' name='d'/>
    <glyph codepoint='65' name='e'/>
    <glyph codepoint='66' name='f'/>
    <glyph codepoint='67' name='g'/>
    <glyph codepoint='68' name='h'/>
    <glyph codepoint='69' name='i'/>
    <glyph codepoint='6a' name='j'/>
    <glyph codepoint='6b' name='k'/>
    <glyph codepoint='6c' name='l'/>
    <glyph codepoint='6d' name='m'/>
    <glyph codepoint='6e' name='n'/>
    <glyph codepoint='6f' name='o'/>
    <glyph codepoint='70' name='p'/>
    <glyph codepoint='71' name='q'/>
    <glyph codepoint='72' name='r'/>
    <glyph codepoint='73' name='s'/>
    <glyph codepoint='74' name='t'/>
    <glyph codepoint='75' name='u'/>
    <glyph codepoint='76' name='v'/>
    <glyph codepoint='77' name='w'/>
    <glyph codepoint='78' name='x'/>
    <glyph codepoint='79' name='y'/>
    <glyph codepoint='7a' name='z'/>
    <glyph codepoint='7b' name='braceleft'/>
    <glyph codepoint='7c' name='bar'/>
    <glyph codepoint='7d' name='braceright'/>
    <glyph codepoint='7e' name='asciitilde'/>
    <glyph codepoint='a1' name='exclamdown'/>
    <glyph codepoint='a2' name='cent'/>
    <glyph codepoint='a3' name='sterling'/>
    <glyph codepoint='a4' name='fraction'/>
    <glyph codepoint='a5' name='yen'/>
    <glyph codepoint='a6' name='florin'/>
    <glyph codepoint='a7' name='section'/>
    <glyph codepoint='a8' name='currency'/>
    <glyph codepoint='a9' name='quotesingle'/>
    <glyph codepoint='aa' name='quotedblleft'/>
    <glyph codepoint='ab' name='guillemotleft'/>
    <glyph codepoint='ac' name='guilsinglleft'/>
    <glyph codepoint='ad' name='guilsinglright'/>
    <glyph codepoint='ae' name='fi'/>
    <glyph codepoint='af' name='fl'/>
    <glyph codepoint='b1' name='endash'/>
    <glyph codepoint='b2' name='dagger'/>
    <glyph codepoint='b3' name='daggerdbl'/>
    <glyph codepoint='b4' name='periodcentered'/>
    <glyph codepoint='b6' name='paragraph'/>
    <glyph codepoint='b7' name='bullet'/>
    <glyph codepoint='b8' name='quotesinglbase'/>
    <glyph codepoint='b9' name='quotedblbase'/>
    <glyph codepoint='ba' name='quotedblright'/>
    <glyph codepoint='bb' name='guillemotright'/>
    <glyph codepoint='bc' name='ellipsis'/>
    <glyph codepoint='bd' name='perthousand'/>
    <glyph codepoint='bf' name='questiondown'/>
    <glyph codepoint='c1' name='grave'/>
    <glyph codepoint='c2' name='acute'/>
    <glyph codepoint='c3' name='circumflex'/>
    <glyph codepoint='c4' name='tilde'/>
    <glyph codepoint='c5' name='macron'/>
    <glyph codepoint='c6' name='breve'/>
    <glyph codepoint='c7' name='dotaccent'/>
    <glyph codepoint='c8' name='dieresis'/>
    <glyph codepoint='ca' name='ring'/>
    <glyph codepoint='cb' name='cedilla'/>
    <glyph codepoint='cd' name='hungarumlaut'/>
    <glyph codepoint='ce' name='ogonek'/>
    <glyph codepoint='cf' name='caron'/>
    <glyph codepoint='d0' name='emdash'/>
    <glyph codepoint='e1' name='AE'/>
    <glyph codepoint='e3' name='ordfeminine'/>
    <glyph codepoint='e8' name='Lslash'/>
    <glyph codepoint='e9' name='Oslash'/>
    <glyph codepoint='ea' name='OE'/>
    <glyph codepoint='eb' name='ordmasculine'/>
    <glyph codepoint='f1' name='ae'/>
    <glyph codepoint='f5' name='dotlessi'/>
    <glyph codepoint='f8' name='lslash'/>
    <glyph codepoint='f9' name='oslash'/>
    <glyph codepoint='fa' name='oe'/>
    <glyph codepoint='fb' name='germandbls'/>
  </encoding>
  <encoding id='ISOLatin1Encoding' constant="ISOLATIN1_ENCODING" glyphlist='AGL'>
    <glyph codepoint='20' name='space'/>
    <glyph codepoint='21' name='exclam'/>
    <glyph codepoint='22' name='quotedbl'/>
    <glyph codepoint='23' name='numbersign'/>
    <glyph codepoint='24' name='dollar'/>
    <glyph codepoint='25' name='percent'/>
    <glyph codepoint='26' name='ampersand'/>
    <glyph codepoint='27' name='quoteright'/>
    <glyph codepoint='28' name='parenleft'/>
    <glyph codepoint='29' name='parenright'/>
    <glyph codepoint='2a' name='asterisk'/>
    <glyph codepoint='2b' name='plus'/>
    <glyph codepoint='2c' name='comma'/>
    <glyph codepoint='2d' name='minus'/>
    <glyph codepoint='2e' name='period'/>
    <glyph codepoint='2f' name='slash'/>
    <glyph codepoint='30' name='zero'/>
    <glyph codepoint='31' name='one'/>
    <glyph codepoint='32' name='two'/>
    <glyph codepoint='33' name='three'/>
    <glyph codepoint='34' name='four'/>
    <glyph codepoint='35' name='five'/>
    <glyph codepoint='36' name='six'/>
    <glyph codepoint='37' name='seven'/>
    <glyph codepoint='38' name='eight'/>
    <glyph codepoint='39' name='nine'/>
    <glyph codepoint='3a' name='colon'/>
    <glyph codepoint='3b' name='semicolon'/>
    <glyph codepoint='3c' name='less'/>
    <glyph codepoint='3d' name='equal'/>
    <glyph codepoint='3e' name='greater'/>
    <glyph codepoint='3f' name='question'/>
    <glyph codepoint='40' name='at'/>
    <glyph codepoint='41' name='A'/>
    <glyph codepoint='42' name='B'/>
    <glyph codepoint='43' name='C'/>
    <glyph codepoint='44' name='D'/>
    <glyph codepoint='45' name='E'/>
    <glyph codepoint='46' name='F'/>
    <glyph codepoint='47' name='G'/>
    <glyph codepoint='48' name='H'/>
    <glyph codepoint='49' name='I'/>
    <glyph codepoint='4a' name='J'/>
    <glyph codepoint='4b' name='K'/>
    <glyph codepoint='4c' name='L'/>
    <glyph codepoint='4d' name='M'/>
    <glyph codepoint='4e' name='N'/>
    <glyph codepoint='4f' name='O'/>
    <glyph codepoint='50' name='P'/>
    <glyph codepoint='51' name='Q'/>
    <glyph codepoint='52' name='R'/>
    <glyph codepoint='53' name='S'/>
    <glyph codepoint='54' name='T'/>
    <glyph codepoint='55' name='U'/>
    <glyph codepoint='56' name='V'/>
    <glyph codepoint='57' name='W'/>
    <glyph codepoint='58' name='X'/>
    <glyph codepoint='59' name='Y'/>
    <glyph codepoint='5a' name='Z'/>
    <glyph codepoint='5b' name='bracketleft'/>
    <glyph codepoint='5c' name='backslash'/>
    <glyph codepoint='5d' name='bracketright'/>
    <glyph codepoint='5e' name='asciicircum'/>
    <glyph codepoint='5f' name='underscore'/>
    <glyph codepoint='60' name='quoteleft'/>
    <glyph codepoint='61' name='a'/>
    <glyph codepoint='62' name='b'/>
    <glyph codepoint='63' name='c'/>
    <glyph codepoint='64' name='d'/>
    <glyph codepoint='65' name='e'/>
    <glyph codepoint='66' name='f'/>
    <glyph codepoint='67' name='g'/>
    <glyph codepoint='68' name='h'/>
    <glyph codepoint='69' name='i'/>
    <glyph codepoint='6a' name='j'/>
    <glyph codepoint='6b' name='k'/>
    <glyph codepoint='6c' name='l'/>
    <glyph codepoint='6d' name='m'/>
    <glyph codepoint='6e' name='n'/>
    <glyph codepoint='6f' name='o'/>
    <glyph codepoint='70' name='p'/>
    <glyph codepoint='71' name='q'/>
    <glyph codepoint='72' name='r'/>
    <glyph codepoint='73' name='s'/>
    <glyph codepoint='74' name='t'/>
    <glyph codepoint='75' name='u'/>
    <glyph codepoint='76' name='v'/>
    <glyph codepoint='77' name='w'/>
    <glyph codepoint='78' name='x'/>
    <glyph codepoint='79' name='y'/>
    <glyph codepoint='7a' name='z'/>
    <glyph codepoint='7b' name='braceleft'/>
    <glyph codepoint='7c' name='bar'/>
    <glyph codepoint='7d' name='braceright'/>
    <glyph codepoint='7e' name='asciitilde'/>
    <glyph codepoint='90' name='dotlessi'/>
    <glyph codepoint='91' name='grave'/>
    <glyph codepoint='93' name='circumflex'/>
    <glyph codepoint='94' name='tilde'/>
    <glyph codepoint='96' name='breve'/>
    <glyph codepoint='97' name='dotaccent'/>
    <glyph codepoint='9a' name='ring'/>
    <glyph codepoint='9d' name='hungarumlaut'/>
    <glyph codepoint='9e' name='ogonek'/>
    <glyph codepoint='9f' name='caron'/>
    <glyph codepoint='a1' name='exclamdown'/>
    <glyph codepoint='a2' name='cent'/>
    <glyph codepoint='a3' name='sterling'/>
    <glyph codepoint='a4' name='currency'/>
    <glyph codepoint='a5' name='yen'/>
    <glyph codepoint='a6' name='brokenbar'/>
    <glyph codepoint='a7' name='section'/>
    <glyph codepoint='a8' name='dieresis'/>
    <glyph codepoint='a9' name='copyright'/>
    <glyph codepoint='aa' name='ordfeminine'/>
    <glyph codepoint='ab' name='guillemotleft'/>
    <glyph codepoint='ac' name='logicalnot'/>
    <glyph codepoint='ad' name='hyphen'/>
    <glyph codepoint='ae' name='registered'/>
    <glyph codepoint='af' name='macron'/>
    <glyph codepoint='b0' name='degree'/>
    <glyph codepoint='b1' name='plusminus'/>
    <glyph codepoint='b2' name='twosuperior'/>
    <glyph codepoint='b3' name='threesuperior'/>
    <glyph codepoint='b4' name='acute'/>
    <glyph codepoint='b5' name='mu'/>
    <glyph codepoint='b6' name='paragraph'/>
    <glyph codepoint='b7' name='periodcentered'/>
    <glyph codepoint='b8' name='cedilla'/>
    <glyph codepoint='b9' name='onesuperior'/>
    <glyph codepoint='ba' name='ordmasculine'/>
    <glyph codepoint='bb' name='guillemotright'/>
    <glyph codepoint='bc' name='onequarter'/>
    <glyph codepoint='bd' name='onehalf'/>
    <glyph codepoint='be' name='threequarters'/>
    <glyph codepoint='bf' name='questiondown'/>
    <glyph codepoint='c0' name='Agrave'/>
    <glyph codepoint='c1' name='Aacute'/>
    <glyph codepoint='c2' name='Acircumflex'/>
    <glyph codepoint='c3' name='Atilde'/>
    <glyph codepoint='c4' name='Adieresis'/>
    <glyph codepoint='c5' name='Aring'/>
    <glyph codepoint='c6' name='AE'/>
    <glyph codepoint='c7' name='Ccedilla'/>
    <glyph codepoint='c8' name='Egrave'/>
    <glyph codepoint='c9' name='Eacute'/>
    <glyph codepoint='ca' name='Ecircumflex'/>
    <glyph codepoint='cb' name='Edieresis'/>
    <glyph codepoint='cc' name='Igrave'/>
    <glyph codepoint='cd' name='Iacute'/>
    <glyph codepoint='ce' name='Icircumflex'/>
    <glyph codepoint='cf' name='Idieresis'/>
    <glyph codepoint='d0' name='Eth'/>
    <glyph codepoint='d1' name='Ntilde'/>
    <glyph codepoint='d2' name='Ograve'/>
    <glyph codepoint='d3' name='Oacute'/>
    <glyph codepoint='d4' name='Ocircumflex'/>
    <glyph codepoint='d5' name='Otilde'/>
    <glyph codepoint='d6' name='Odieresis'/>
    <glyph codepoint='d7' name='multiply'/>
    <glyph codepoint='d8' name='Oslash'/>
    <glyph codepoint='d9' name='Ugrave'/>
    <glyph codepoint='da' name='Uacute'/>
    <glyph codepoint='db' name='Ucircumflex'/>
    <glyph codepoint='dc' name='Udieresis'/>
    <glyph codepoint='dd' name='Yacute'/>
    <glyph codepoint='de' name='Thorn'/>
    <glyph codepoint='df' name='germandbls'/>
    <glyph codepoint='e0' name='agrave'/>
    <glyph codepoint='e1' name='aacute'/>
    <glyph codepoint='e2' name='acircumflex'/>
    <glyph codepoint='e3' name='atilde'/>
    <glyph codepoint='e4' name='adieresis'/>
    <glyph codepoint='e5' name='aring'/>
    <glyph codepoint='e6' name='ae'/>
    <glyph codepoint='e7' name='ccedilla'/>
    <glyph codepoint='e8' name='egrave'/>
    <glyph codepoint='e9' name='eacute'/>
    <glyph codepoint='ea' name='ecircumflex'/>
    <glyph codepoint='eb' name='edieresis'/>
    <glyph codepoint='ec' name='igrave'/>
    <glyph codepoint='ed' name='iacute'/>
    <glyph codepoint='ee' name='icircumflex'/>
    <glyph codepoint='ef' name='idieresis'/>
    <glyph codepoint='f0' name='eth'/>
    <glyph codepoint='f1' name='ntilde'/>
    <glyph codepoint='f2' name='ograve'/>
    <glyph codepoint='f3' name='oacute'/>
    <glyph codepoint='f4' name='ocircumflex'/>
    <glyph codepoint='f5' name='otilde'/>
    <glyph codepoint='f6' name='odieresis'/>
    <glyph codepoint='f7' name='divide'/>
    <glyph codepoint='f8' name='oslash'/>
    <glyph codepoint='f9' name='ugrave'/>
    <glyph codepoint='fa' name='uacute'/>
    <glyph codepoint='fb' name='ucircumflex'/>
    <glyph codepoint='fc' name='udieresis'/>
    <glyph codepoint='fd' name='yacute'/>
    <glyph codepoint='fe' name='thorn'/>
    <glyph codepoint='ff' name='ydieresis'/>
  </encoding>
  <encoding id='CEEncoding' constant="CE_ENCODING" glyphlist='AGL'>
    <glyph codepoint='20' name='space'/>
    <glyph codepoint='21' name='exclam'/>
    <glyph codepoint='22' name='quotedbl'/>
    <glyph codepoint='23' name='numbersign'/>
    <glyph codepoint='24' name='dollar'/>
    <glyph codepoint='25' name='percent'/>
    <glyph codepoint='26' name='ampersand'/>
    <glyph codepoint='27' name='quotesingle'/>
    <glyph codepoint='28' name='parenleft'/>
    <glyph codepoint='29' name='parenright'/>
    <glyph codepoint='2a' name='asterisk'/>
    <glyph codepoint='2b' name='plus'/>
    <glyph codepoint='2c' name='comma'/>
    <glyph codepoint='2d' name='hyphen'/>
    <glyph codepoint='2e' name='period'/>
    <glyph codepoint='2f' name='slash'/>
    <glyph codepoint='30' name='zero'/>
    <glyph codepoint='31' name='one'/>
    <glyph codepoint='32' name='two'/>
    <glyph codepoint='33' name='three'/>
    <glyph codepoint='34' name='four'/>
    <glyph codepoint='35' name='five'/>
    <glyph codepoint='36' name='six'/>
    <glyph codepoint='37' name='seven'/>
    <glyph codepoint='38' name='eight'/>
    <glyph codepoint='39' name='nine'/>
    <glyph codepoint='3a' name='colon'/>
    <glyph codepoint='3b' name='semicolon'/>
    <glyph codepoint='3c' name='less'/>
    <glyph codepoint='3d' name='equal'/>
    <glyph codepoint='3e' name='greater'/>
    <glyph codepoint='3f' name='question'/>
    <glyph codepoint='40' name='at'/>
    <glyph codepoint='41' name='A'/>
    <glyph codepoint='42' name='B'/>
    <glyph codepoint='43' name='C'/>
    <glyph codepoint='44' name='D'/>
    <glyph codepoint='45' name='E'/>
    <glyph codepoint='46' name='F'/>
    <glyph codepoint='47' name='G'/>
    <glyph codepoint='48' name='H'/>
    <glyph codepoint='49' name='I'/>
    <glyph codepoint='4a' name='J'/>
    <glyph codepoint='4b' name='K'/>
    <glyph codepoint='4c' name='L'/>
    <glyph codepoint='4d' name='M'/>
    <glyph codepoint='4e' name='N'/>
    <glyph codepoint='4f' name='O'/>
    <glyph codepoint='50' name='P'/>
    <glyph codepoint='51' name='Q'/>
    <glyph codepoint='52' name='R'/>
    <glyph codepoint='53' name='S'/>
    <glyph codepoint='54' name='T'/>
    <glyph codepoint='55' name='U'/>
    <glyph codepoint='56' name='V'/>
    <glyph codepoint='57' name='W'/>
    <glyph codepoint='58' name='X'/>
    <glyph codepoint='59' name='Y'/>
    <glyph codepoint='5a' name='Z'/>
    <glyph codepoint='5b' name='bracketleft'/>
    <glyph codepoint='5c' name='backslash'/>
    <glyph codepoint='5d' name='bracketright'/>
    <glyph codepoint='5e' name='asciicircum'/>
    <glyph codepoint='5f' name='underscore'/>
    <glyph codepoint='60' name='grave'/>
    <glyph codepoint='61' name='a'/>
    <glyph codepoint='62' name='b'/>
    <glyph codepoint='63' name='c'/>
    <glyph codepoint='64' name='d'/>
    <glyph codepoint='65' name='e'/>
    <glyph codepoint='66' name='f'/>
    <glyph codepoint='67' name='g'/>
    <glyph codepoint='68' name='h'/>
    <glyph codepoint='69' name='i'/>
    <glyph codepoint='6a' name='j'/>
    <glyph codepoint='6b' name='k'/>
    <glyph codepoint='6c' name='l'/>
    <glyph codepoint='6d' name='m'/>
    <glyph codepoint='6e' name='n'/>
    <glyph codepoint='6f' name='o'/>
    <glyph codepoint='70' name='p'/>
    <glyph codepoint='71' name='q'/>
    <glyph codepoint='72' name='r'/>
    <glyph codepoint='73' name='s'/>
    <glyph codepoint='74' name='t'/>
    <glyph codepoint='75' name='u'/>
    <glyph codepoint='76' name='v'/>
    <glyph codepoint='77' name='w'/>
    <glyph codepoint='78' name='x'/>
    <glyph codepoint='79' name='y'/>
    <glyph codepoint='7a' name='z'/>
    <glyph codepoint='7b' name='braceleft'/>
    <glyph codepoint='7c' name='bar'/>
    <glyph codepoint='7d' name='braceright'/>
    <glyph codepoint='7e' name='asciitilde'/>
    <glyph codepoint='82' name='quotesinglbase'/>
    <glyph codepoint='84' name='quotedblbase'/>
    <glyph codepoint='85' name='ellipsis'/>
    <glyph codepoint='86' name='dagger'/>
    <glyph codepoint='87' name='daggerdbl'/>
    <glyph codepoint='89' name='perthousand'/>
    <glyph codepoint='8a' name='Scaron'/>
    <glyph codepoint='8b' name='guilsinglleft'/>
    <glyph codepoint='8c' name='Sacute'/>
    <glyph codepoint='8d' name='Tcaron'/>
    <glyph codepoint='8e' name='Zcaron'/>
    <glyph codepoint='8f' name='Zacute'/>
    <glyph codepoint='91' name='quoteleft'/>
    <glyph codepoint='92' name='quoteright'/>
    <glyph codepoint='93' name='quotedblleft'/>
    <glyph codepoint='94' name='quotedblright'/>
    <glyph codepoint='95' name='bullet'/>
    <glyph codepoint='96' name='endash'/>
    <glyph codepoint='97' name='emdash'/>
    <glyph codepoint='99' name='trademark'/>
    <glyph codepoint='9a' name='scaron'/>
    <glyph codepoint='9b' name='guilsinglright'/>
    <glyph codepoint='9c' name='sacute'/>
    <glyph codepoint='9d' name='tcaron'/>
    <glyph codepoint='9e' name='zcaron'/>
    <glyph codepoint='9f' name='zacute'/>
    <glyph codepoint='a1' name='caron'/>
    <glyph codepoint='a2' name='breve'/>
    <glyph codepoint='a3' name='Lslash'/>
    <glyph codepoint='a4' name='currency'/>
    <glyph codepoint='a5' name='Aogonek'/>
    <glyph codepoint='a6' name='brokenbar'/>
    <glyph codepoint='a7' name='section'/>
    <glyph codepoint='a8' name='dieresis'/>
    <glyph codepoint='a9' name='copyright'/>
    <glyph codepoint='aa' name='Scommaaccent'/>
    <glyph codepoint='ab' name='guillemotleft'/>
    <glyph codepoint='ac' name='logicalnot'/>
    <glyph codepoint='ae' name='registered'/>
    <glyph codepoint='af' name='Zdotaccent'/>
    <glyph codepoint='b0' name='degree'/>
    <glyph codepoint='b1' name='plusminus'/>
    <glyph codepoint='b2' name='ogonek'/>
    <glyph codepoint='b3' name='lslash'/>
    <glyph codepoint='b4' name='acute'/>
    <glyph codepoint='b5' name='mu'/>
    <glyph codepoint='b6' name='paragraph'/>
    <glyph codepoint='b7' name='periodcentered'/>
    <glyph codepoint='b8' name='cedilla'/>
    <glyph codepoint='b9' name='aogonek'/>
    <glyph codepoint='ba' name='scommaaccent'/>
    <glyph codepoint='bb' name='guillemotright'/>
    <glyph codepoint='bc' name='Lcaron'/>
    <glyph codepoint='bd' name='hungarumlaut'/>
    <glyph codepoint='be' name='lcaron'/>
    <glyph codepoint='bf' name='zdotaccent'/>
    <glyph codepoint='c0' name='Racute'/>
    <glyph codepoint='c1' name='Aacute'/>
    <glyph codepoint='c2' name='Acircumflex'/>
    <glyph codepoint='c3' name='Abreve'/>
    <glyph codepoint='c4' name='Adieresis'/>
    <glyph codepoint='c5' name='Lacute'/>
    <glyph codepoint='c6' name='Cacute'/>
    <glyph codepoint='c7' name='Ccedilla'/>
    <glyph codepoint='c8' name='Ccaron'/>
    <glyph codepoint='c9' name='Eacute'/>
    <glyph codepoint='ca' name='Eogonek'/>
    <glyph codepoint='cb' name='Edieresis'/>
    <glyph codepoint='cc' name='Ecaron'/>
    <glyph codepoint='cd' name='Iacute'/>
    <glyph codepoint='ce' name='Icircumflex'/>
    <glyph codepoint='cf' name='Dcaron'/>
    <glyph codepoint='d0' name='Dcroat'/>
    <glyph codepoint='d1' name='Nacute'/>
    <glyph codepoint='d2' name='Ncaron'/>
    <glyph codepoint='d3' name='Oacute'/>
    <glyph codepoint='d4' name='Ocircumflex'/>
    <glyph codepoint='d5' name='Ohungarumlaut'/>
    <glyph codepoint='d6' name='Odieresis'/>
    <glyph codepoint='d7' name='multiply'/>
    <glyph codepoint='d8' name='Rcaron'/>
    <glyph codepoint='d9' name='Uring'/>
    <glyph codepoint='da' name='Uacute'/>
    <glyph codepoint='db' name='Uhungarumlaut'/>
    <glyph codepoint='dc' name='Udieresis'/>
    <glyph codepoint='dd' name='Yacute'/>
    <glyph codepoint='de' name='Tcommaaccent'/>
    <glyph codepoint='df' name='germandbls'/>
    <glyph codepoint='e0' name='racute'/>
    <glyph codepoint='e1' name='aacute'/>
    <glyph codepoint='e2' name='acircumflex'/>
    <glyph codepoint='e3' name='abreve'/>
    <glyph codepoint='e4' name='adieresis'/>
    <glyph codepoint='e5' name='lacute'/>
    <glyph codepoint='e6' name='cacute'/>
    <glyph codepoint='e7' name='ccedilla'/>
    <glyph codepoint='e8' name='ccaron'/>
    <glyph codepoint='e9' name='eacute'/>
    <glyph codepoint='ea' name='eogonek'/>
    <glyph codepoint='eb' name='edieresis'/>
    <glyph codepoint='ec' name='ecaron'/>
    <glyph codepoint='ed' name='iacute'/>
    <glyph codepoint='ee' name='icircumflex'/>
    <glyph codepoint='ef' name='dcaron'/>
    <glyph codepoint='f0' name='dcroat'/>
    <glyph codepoint='f1' name='nacute'/>
    <glyph codepoint='f2' name='ncaron'/>
    <glyph codepoint='f3' name='oacute'/>
    <glyph codepoint='f4' name='ocircumflex'/>
    <glyph codepoint='f5' name='ohungarumlaut'/>
    <glyph codepoint='f6' name='odieresis'/>
    <glyph codepoint='f7' name='divide'/>
    <glyph codepoint='f8' name='rcaron'/>
    <glyph codepoint='f9' name='uring'/>
    <glyph codepoint='fa' name='uacute'/>
    <glyph codepoint='fb' name='uhungarumlaut'/>
    <glyph codepoint='fc' name='udieresis'/>
    <glyph codepoint='fd' name='yacute'/>
    <glyph codepoint='fe' name='tcommaaccent'/>
    <glyph codepoint='ff' name='dotaccent'/>
  </encoding>
  <encoding id='MacRomanEncoding' constant="MAC_ROMAN_ENCODING" glyphlist='AGL'>
    <glyph codepoint='20' name='space'/>
    <glyph codepoint='21' name='exclam'/>
    <glyph codepoint='22' name='quotedbl'/>
    <glyph codepoint='23' name='numbersign'/>
    <glyph codepoint='24' name='dollar'/>
    <glyph codepoint='25' name='percent'/>
    <glyph codepoint='26' name='ampersand'/>
    <glyph codepoint='27' name='quotesingle'/>
    <glyph codepoint='28' name='parenleft'/>
    <glyph codepoint='29' name='parenright'/>
    <glyph codepoint='2a' name='asterisk'/>
    <glyph codepoint='2b' name='plus'/>
    <glyph codepoint='2c' name='comma'/>
    <glyph codepoint='2d' name='hyphen'/>
    <glyph codepoint='2e' name='period'/>
    <glyph codepoint='2f' name='slash'/>
    <glyph codepoint='30' name='zero'/>
    <glyph codepoint='31' name='one'/>
    <glyph codepoint='32' name='two'/>
    <glyph codepoint='33' name='three'/>
    <glyph codepoint='34' name='four'/>
    <glyph codepoint='35' name='five'/>
    <glyph codepoint='36' name='six'/>
    <glyph codepoint='37' name='seven'/>
    <glyph codepoint='38' name='eight'/>
    <glyph codepoint='39' name='nine'/>
    <glyph codepoint='3a' name='colon'/>
    <glyph codepoint='3b' name='semicolon'/>
    <glyph codepoint='3c' name='less'/>
    <glyph codepoint='3d' name='equal'/>
    <glyph codepoint='3e' name='greater'/>
    <glyph codepoint='3f' name='question'/>
    <glyph codepoint='40' name='at'/>
    <glyph codepoint='41' name='A'/>
    <glyph codepoint='42' name='B'/>
    <glyph codepoint='43' name='C'/>
    <glyph codepoint='44' name='D'/>
    <glyph codepoint='45' name='E'/>
    <glyph codepoint='46' name='F'/>
    <glyph codepoint='47' name='G'/>
    <glyph codepoint='48' name='H'/>
    <glyph codepoint='49' name='I'/>
    <glyph codepoint='4a' name='J'/>
    <glyph codepoint='4b' name='K'/>
    <glyph codepoint='4c' name='L'/>
    <glyph codepoint='4d' name='M'/>
    <glyph codepoint='4e' name='N'/>
    <glyph codepoint='4f' name='O'/>
    <glyph codepoint='50' name='P'/>
    <glyph codepoint='51' name='Q'/>
    <glyph codepoint='52' name='R'/>
    <glyph codepoint='53' name='S'/>
    <glyph codepoint='54' name='T'/>
    <glyph codepoint='55' name='U'/>
    <glyph codepoint='56' name='V'/>
    <glyph codepoint='57' name='W'/>
    <glyph codepoint='58' name='X'/>
    <glyph codepoint='59' name='Y'/>
    <glyph codepoint='5a' name='Z'/>
    <glyph codepoint='5b' name='bracketleft'/>
    <glyph codepoint='5c' name='backslash'/>
    <glyph codepoint='5d' name='bracketright'/>
    <glyph codepoint='5e' name='asciicircum'/>
    <glyph codepoint='5f' name='underscore'/>
    <glyph codepoint='60' name='grave'/>
    <glyph codepoint='61' name='a'/>
    <glyph codepoint='62' name='b'/>
    <glyph codepoint='63' name='c'/>
    <glyph codepoint='64' name='d'/>
    <glyph codepoint='65' name='e'/>
    <glyph codepoint='66' name='f'/>
    <glyph codepoint='67' name='g'/>
    <glyph codepoint='68' name='h'/>
    <glyph codepoint='69' name='i'/>
    <glyph codepoint='6a' name='j'/>
    <glyph codepoint='6b' name='k'/>
    <glyph codepoint='6c' name='l'/>
    <glyph codepoint='6d' name='m'/>
    <glyph codepoint='6e' name='n'/>
    <glyph codepoint='6f' name='o'/>
    <glyph codepoint='70' name='p'/>
    <glyph codepoint='71' name='q'/>
    <glyph codepoint='72' name='r'/>
    <glyph codepoint='73' name='s'/>
    <glyph codepoint='74' name='t'/>
    <glyph codepoint='75' name='u'/>
    <glyph codepoint='76' name='v'/>
    <glyph codepoint='77' name='w'/>
    <glyph codepoint='78' name='x'/>
    <glyph codepoint='79' name='y'/>
    <glyph codepoint='7b' name='braceleft'/>
    <glyph codepoint='7c' name='bar'/>
    <glyph codepoint='7d' name='braceright'/>
    <glyph codepoint='7e' name='asciitilde'/>
    <glyph codepoint='80' name='Adieresis'/>
    <glyph codepoint='81' name='Aring'/>
    <glyph codepoint='82' name='Ccedilla'/>
    <glyph codepoint='83' name='Eacute'/>
    <glyph codepoint='84' name='Ntilde'/>
    <glyph codepoint='85' name='Odieresis'/>
    <glyph codepoint='86' name='Udieresis'/>
    <glyph codepoint='87' name='aacute'/>
    <glyph codepoint='88' name='agrave'/>
    <glyph codepoint='89' name='acircumflex'/>
    <glyph codepoint='8a' name='adieresis'/>
    <glyph codepoint='8b' name='atilde'/>
    <glyph codepoint='8c' name='aring'/>
    <glyph codepoint='8d' name='ccedilla'/>
    <glyph codepoint='8e' name='eacute'/>
    <glyph codepoint='8f' name='egrave'/>
    <glyph codepoint='90' name='ecircumflex'/>
    <glyph codepoint='91' name='edieresis'/>
    <glyph codepoint='92' name='iacute'/>
    <glyph codepoint='93' name='igrave'/>
    <glyph codepoint='94' name='icircumflex'/>
    <glyph codepoint='95' name='idieresis'/>
    <glyph codepoint='96' name='ntilde'/>
    <glyph codepoint='97' name='oacute'/>
    <glyph codepoint='98' name='ograve'/>
    <glyph codepoint='99' name='ocircumflex'/>
    <glyph codepoint='9a' name='odieresis'/>
    <glyph codepoint='9b' name='otilde'/>
    <glyph codepoint='9c' name='uacute'/>
    <glyph codepoint='9d' name='ugrave'/>
    <glyph codepoint='9e' name='ucircumflex'/>
    <glyph codepoint='9f' name='udieresis'/>
    <glyph codepoint='a0' name='dagger'/>
    <glyph codepoint='a1' name='degree'/>
    <glyph codepoint='a2' name='cent'/>
    <glyph codepoint='a3' name='sterling'/>
    <glyph codepoint='a4' name='section'/>
    <glyph codepoint='a5' name='bullet'/>
    <glyph codepoint='a6' name='paragraph'/>
    <glyph codepoint='a7' name='germandbls'/>
    <glyph codepoint='a8' name='registered'/>
    <glyph codepoint='a9' name='copyright'/>
    <glyph codepoint='aa' name='trademark'/>
    <glyph codepoint='ab' name='acute'/>
    <glyph codepoint='ac' name='dieresis'/>
    <glyph codepoint='ae' name='AE'/>
    <glyph codepoint='af' name='Oslash'/>
    <glyph codepoint='b1' name='plusminus'/>
    <glyph codepoint='b5' name='mu'/>
    <glyph codepoint='bb' name='ordfeminine'/>
    <glyph codepoint='bc' name='ordmasculine'/>
    <glyph codepoint='be' name='ae'/>
    <glyph codepoint='bf' name='oslash'/>
    <glyph codepoint='c0' name='questiondown'/>
    <glyph codepoint='c1' name='exclamdown'/>
    <glyph codepoint='c2' name='logicalnot'/>
    <glyph codepoint='c4' name='florin'/>
    <glyph codepoint='c7' name='guillemotleft'/>
    <glyph codepoint='c8' name='guillemotright'/>
    <glyph codepoint='c9' name='ellipsis'/>
    <glyph codepoint='cb' name='Agrave'/>
    <glyph codepoint='cc' name='Atilde'/>
    <glyph codepoint='cd' name='Otilde'/>
    <glyph codepoint='ce' name='OE'/>
    <glyph codepoint='cf' name='oe'/>
    <glyph codepoint='d0' name='endash'/>
    <glyph codepoint='d1' name='emdash'/>
    <glyph codepoint='d2' name='quotedblleft'/>
    <glyph codepoint='d3' name='quotedblright'/>
    <glyph codepoint='d4' name='quoteleft'/>
    <glyph codepoint='d5' name='quoteright'/>
    <glyph codepoint='d6' name='divide'/>
    <glyph codepoint='d9' name='Ydieresis'/>
    <glyph codepoint='da' name='fraction'/>
    <glyph codepoint='db' name='currency'/>
    <glyph codepoint='dc' name='guilsinglleft'/>
    <glyph codepoint='dd' name='guilsinglright'/>
    <glyph codepoint='de' name='fi'/>
    <glyph codepoint='df' name='fl'/>
    <glyph codepoint='e0' name='daggerdbl'/>
    <glyph codepoint='e1' name='periodcentered'/>
    <glyph codepoint='e2' name='quotesinglbase'/>
    <glyph codepoint='e3' name='quotedblbase'/>
    <glyph codepoint='e4' name='perthousand'/>
    <glyph codepoint='e5' name='Acircumflex'/>
    <glyph codepoint='e6' name='Ecircumflex'/>
    <glyph codepoint='e7' name='Aacute'/>
    <glyph codepoint='e8' name='Edieresis'/>
    <glyph codepoint='e9' name='Egrave'/>
    <glyph codepoint='ea' name='Iacute'/>
    <glyph codepoint='eb' name='Icircumflex'/>
    <glyph codepoint='ec' name='Idieresis'/>
    <glyph codepoint='ed' name='Igrave'/>
    <glyph codepoint='ee' name='Oacute'/>
    <glyph codepoint='ef' name='Ocircumflex'/>
    <glyph codepoint='f1' name='Ograve'/>
    <glyph codepoint='f2' name='Uacute'/>
    <glyph codepoint='f3' name='Ucircumflex'/>
    <glyph codepoint='f4' name='Ugrave'/>
    <glyph codepoint='f5' name='dotlessi'/>
    <glyph codepoint='f6' name='circumflex'/>
    <glyph codepoint='f7' name='tilde'/>
    <glyph codepoint='f8' name='macron'/>
    <glyph codepoint='f9' name='breve'/>
    <glyph codepoint='fa' name='dotaccent'/>
    <glyph codepoint='fb' name='ring'/>
    <glyph codepoint='fc' name='cedilla'/>
    <glyph codepoint='fd' name='hungarumlaut'/>
    <glyph codepoint='fe' name='ogonek'/>
    <glyph codepoint='ff' name='caron'/>
    <glyph codepoint='d8' name='ydieresis'/>
    <glyph codepoint='b4' name='yen'/>
    <glyph codepoint='7a' name='z'/>
  </encoding>
  <encoding id='WinAnsiEncoding' constant="WIN_ANSI_ENCODING" glyphlist='AGL'>
    <glyph codepoint='20' name='space'/>
    <glyph codepoint='21' name='exclam'/>
    <glyph codepoint='22' name='quotedbl'/>
    <glyph codepoint='23' name='numbersign'/>
    <glyph codepoint='24' name='dollar'/>
    <glyph codepoint='25' name='percent'/>
    <glyph codepoint='26' name='ampersand'/>
    <glyph codepoint='27' name='quotesingle'/>
    <glyph codepoint='28' name='parenleft'/>
    <glyph codepoint='29' name='parenright'/>
    <glyph codepoint='2a' name='asterisk'/>
    <glyph codepoint='2b' name='plus'/>
    <glyph codepoint='2c' name='comma'/>
    <glyph codepoint='2d' name='hyphen'/>
    <glyph codepoint='2e' name='period'/>
    <glyph codepoint='2f' name='slash'/>
    <glyph codepoint='30' name='zero'/>
    <glyph codepoint='31' name='one'/>
    <glyph codepoint='32' name='two'/>
    <glyph codepoint='33' name='three'/>
    <glyph codepoint='34' name='four'/>
    <glyph codepoint='35' name='five'/>
    <glyph codepoint='36' name='six'/>
    <glyph codepoint='37' name='seven'/>
    <glyph codepoint='38' name='eight'/>
    <glyph codepoint='39' name='nine'/>
    <glyph codepoint='3a' name='colon'/>
    <glyph codepoint='3b' name='semicolon'/>
    <glyph codepoint='3c' name='less'/>
    <glyph codepoint='3d' name='equal'/>
    <glyph codepoint='3e' name='greater'/>
    <glyph codepoint='3f' name='question'/>
    <glyph codepoint='40' name='at'/>
    <glyph codepoint='41' name='A'/>
    <glyph codepoint='42' name='B'/>
    <glyph codepoint='43' name='C'/>
    <glyph codepoint='44' name='D'/>
    <glyph codepoint='45' name='E'/>
    <glyph codepoint='46' name='F'/>
    <glyph codepoint='47' name='G'/>
    <glyph codepoint='48' name='H'/>
    <glyph codepoint='49' name='I'/>
    <glyph codepoint='4a' name='J'/>
    <glyph codepoint='4b' name='K'/>
    <glyph codepoint='4c' name='L'/>
    <glyph codepoint='4d' name='M'/>
    <glyph codepoint='4e' name='N'/>
    <glyph codepoint='4f' name='O'/>
    <glyph codepoint='50' name='P'/>
    <glyph codepoint='51' name='Q'/>
    <glyph codepoint='52' name='R'/>
    <glyph codepoint='53' name='S'/>
    <glyph codepoint='54' name='T'/>
    <glyph codepoint='55' name='U'/>
    <glyph codepoint='56' name='V'/>
    <glyph codepoint='57' name='W'/>
    <glyph codepoint='58' name='X'/>
    <glyph codepoint='59' name='Y'/>
    <glyph codepoint='5a' name='Z'/>
    <glyph codepoint='5b' name='bracketleft'/>
    <glyph codepoint='5c' name='backslash'/>
    <glyph codepoint='5d' name='bracketright'/>
    <glyph codepoint='5e' name='asciicircum'/>
    <glyph codepoint='5f' name='underscore'/>
    <glyph codepoint='60' name='grave'/>
    <glyph codepoint='61' name='a'/>
    <glyph codepoint='62' name='b'/>
    <glyph codepoint='63' name='c'/>
    <glyph codepoint='64' name='d'/>
    <glyph codepoint='65' name='e'/>
    <glyph codepoint='66' name='f'/>
    <glyph codepoint='67' name='g'/>
    <glyph codepoint='68' name='h'/>
    <glyph codepoint='69' name='i'/>
    <glyph codepoint='6a' name='j'/>
    <glyph codepoint='6b' name='k'/>
    <glyph codepoint='6c' name='l'/>
    <glyph codepoint='6d' name='m'/>
    <glyph codepoint='6e' name='n'/>
    <glyph codepoint='6f' name='o'/>
    <glyph codepoint='70' name='p'/>
    <glyph codepoint='71' name='q'/>
    <glyph codepoint='72' name='r'/>
    <glyph codepoint='73' name='s'/>
    <glyph codepoint='74' name='t'/>
    <glyph codepoint='75' name='u'/>
    <glyph codepoint='76' name='v'/>
    <glyph codepoint='77' name='w'/>
    <glyph codepoint='78' name='x'/>
    <glyph codepoint='79' name='y'/>
    <glyph codepoint='7a' name='z'/>
    <glyph codepoint='7b' name='braceleft'/>
    <glyph codepoint='7c' name='bar'/>
    <glyph codepoint='7d' name='braceright'/>
    <glyph codepoint='7e' name='asciitilde'/>
    <glyph codepoint='80' name='Euro'/>
    <glyph codepoint='82' name='quotesinglbase'/>
    <glyph codepoint='83' name='florin'/>
    <glyph codepoint='84' name='quotedblbase'/>
    <glyph codepoint='85' name='ellipsis'/>
    <glyph codepoint='86' name='dagger'/>
    <glyph codepoint='87' name='daggerdbl'/>
    <glyph codepoint='88' name='circumflex'/>
    <glyph codepoint='89' name='perthousand'/>
    <glyph codepoint='8a' name='Scaron'/>
    <glyph codepoint='8b' name='guilsinglleft'/>
    <glyph codepoint='8c' name='OE'/>
    <glyph codepoint='8e' name='Zcaron'/>
    <glyph codepoint='91' name='quoteleft'/>
    <glyph codepoint='92' name='quoteright'/>
    <glyph codepoint='93' name='quotedblleft'/>
    <glyph codepoint='94' name='quotedblright'/>
    <glyph codepoint='95' name='bullet'/>
    <glyph codepoint='96' name='endash'/>
    <glyph codepoint='97' name='emdash'/>
    <glyph codepoint='98' name='tilde'/>
    <glyph codepoint='99' name='trademark'/>
    <glyph codepoint='9a' name='scaron'/>
    <glyph codepoint='9b' name='guilsinglright'/>
    <glyph codepoint='9c' name='oe'/>
    <glyph codepoint='9e' name='zcaron'/>
    <glyph codepoint='9f' name='Ydieresis'/>
    <glyph codepoint='a1' name='exclamdown'/>
    <glyph codepoint='a2' name='cent'/>
    <glyph codepoint='a3' name='sterling'/>
    <glyph codepoint='a4' name='currency'/>
    <glyph codepoint='a5' name='yen'/>
    <glyph codepoint='a6' name='brokenbar'/>
    <glyph codepoint='a7' name='section'/>
    <glyph codepoint='a8' name='dieresis'/>
    <glyph codepoint='a9' name='copyright'/>
    <glyph codepoint='aa' name='ordfeminine'/>
    <glyph codepoint='ab' name='guillemotleft'/>
    <glyph codepoint='ac' name='logicalnot'/>
    <glyph codepoint='ae' name='registered'/>
    <glyph codepoint='af' name='macron'/>
    <glyph codepoint='b0' name='degree'/>
    <glyph codepoint='b1' name='plusminus'/>
    <glyph codepoint='b2' name='twosuperior'/>
    <glyph codepoint='b3' name='threesuperior'/>
    <glyph codepoint='b4' name='acute'/>
    <glyph codepoint='b5' name='mu'/>
    <glyph codepoint='b6' name='paragraph'/>
    <glyph codepoint='b7' name='periodcentered'/>
    <glyph codepoint='b8' name='cedilla'/>
    <glyph codepoint='b9' name='onesuperior'/>
    <glyph codepoint='ba' name='ordmasculine'/>
    <glyph codepoint='bb' name='guillemotright'/>
    <glyph codepoint='bc' name='onequarter'/>
    <glyph codepoint='bd' name='onehalf'/>
    <glyph codepoint='be' name='threequarters'/>
    <glyph codepoint='bf' name='questiondown'/>
    <glyph codepoint='c0' name='Agrave'/>
    <glyph codepoint='c1' name='Aacute'/>
    <glyph codepoint='c2' name='Acircumflex'/>
    <glyph codepoint='c3' name='Atilde'/>
    <glyph codepoint='c4' name='Adieresis'/>
    <glyph codepoint='c5' name='Aring'/>
    <glyph codepoint='c6' name='AE'/>
    <glyph codepoint='c7' name='Ccedilla'/>
    <glyph codepoint='c8' name='Egrave'/>
    <glyph codepoint='c9' name='Eacute'/>
    <glyph codepoint='ca' name='Ecircumflex'/>
    <glyph codepoint='cb' name='Edieresis'/>
    <glyph codepoint='cc' name='Igrave'/>
    <glyph codepoint='cd' name='Iacute'/>
    <glyph codepoint='ce' name='Icircumflex'/>
    <glyph codepoint='cf' name='Idieresis'/>
    <glyph codepoint='d0' name='Eth'/>
    <glyph codepoint='d1' name='Ntilde'/>
    <glyph codepoint='d2' name='Ograve'/>
    <glyph codepoint='d3' name='Oacute'/>
    <glyph codepoint='d4' name='Ocircumflex'/>
    <glyph codepoint='d5' name='Otilde'/>
    <glyph codepoint='d6' name='Odieresis'/>
    <glyph codepoint='d7' name='multiply'/>
    <glyph codepoint='d8' name='Oslash'/>
    <glyph codepoint='d9' name='Ugrave'/>
    <glyph codepoint='da' name='Uacute'/>
    <glyph codepoint='db' name='Ucircumflex'/>
    <glyph codepoint='dc' name='Udieresis'/>
    <glyph codepoint='dd' name='Yacute'/>
    <glyph codepoint='de' name='Thorn'/>
    <glyph codepoint='df' name='germandbls'/>
    <glyph codepoint='e0' name='agrave'/>
    <glyph codepoint='e1' name='aacute'/>
    <glyph codepoint='e2' name='acircumflex'/>
    <glyph codepoint='e3' name='atilde'/>
    <glyph codepoint='e4' name='adieresis'/>
    <glyph codepoint='e5' name='aring'/>
    <glyph codepoint='e6' name='ae'/>
    <glyph codepoint='e7' name='ccedilla'/>
    <glyph codepoint='e8' name='egrave'/>
    <glyph codepoint='e9' name='eacute'/>
    <glyph codepoint='ea' name='ecircumflex'/>
    <glyph codepoint='eb' name='edieresis'/>
    <glyph codepoint='ec' name='igrave'/>
    <glyph codepoint='ed' name='iacute'/>
    <glyph codepoint='ee' name='icircumflex'/>
    <glyph codepoint='ef' name='idieresis'/>
    <glyph codepoint='f0' name='eth'/>
    <glyph codepoint='f1' name='ntilde'/>
    <glyph codepoint='f2' name='ograve'/>
    <glyph codepoint='f3' name='oacute'/>
    <glyph codepoint='f4' name='ocircumflex'/>
    <glyph codepoint='f5' name='otilde'/>
    <glyph codepoint='f6' name='odieresis'/>
    <glyph codepoint='f7' name='divide'/>
    <glyph codepoint='f8' name='oslash'/>
    <glyph codepoint='f9' name='ugrave'/>
    <glyph codepoint='fa' name='uacute'/>
    <glyph codepoint='fb' name='ucircumflex'/>
    <glyph codepoint='fc' name='udieresis'/>
    <glyph codepoint='fd' name='yacute'/>
    <glyph codepoint='fe' name='thorn'/>
    <glyph codepoint='ff' name='ydieresis'/>
  </encoding>
  <encoding id='PDFDocEncoding' constant="PDF_DOC_ENCODING" glyphlist='AGL'>
    <glyph codepoint='18' name='breve'/>
    <glyph codepoint='19' name='caron'/>
    <glyph codepoint='1a' name='circumflex'/>
    <glyph codepoint='1b' name='dotaccent'/>
    <glyph codepoint='1c' name='hungarumlaut'/>
    <glyph codepoint='1d' name='ogonek'/>
    <glyph codepoint='1e' name='ring'/>
    <glyph codepoint='1f' name='tilde'/>
    <glyph codepoint='20' name='space'/>
    <glyph codepoint='21' name='exclam'/>
    <glyph codepoint='22' name='quotedbl'/>
    <glyph codepoint='23' name='numbersign'/>
    <glyph codepoint='24' name='dollar'/>
    <glyph codepoint='25' name='percent'/>
    <glyph codepoint='26' name='ampersand'/>
    <glyph codepoint='27' name='quotesingle'/>
    <glyph codepoint='28' name='parenleft'/>
    <glyph codepoint='29' name='parenright'/>
    <glyph codepoint='2a' name='asterisk'/>
    <glyph codepoint='2b' name='plus'/>
    <glyph codepoint='2c' name='comma'/>
    <glyph codepoint='2d' name='hyphen'/>
    <glyph codepoint='2e' name='period'/>
    <glyph codepoint='2f' name='slash'/>
    <glyph codepoint='30' name='zero'/>
    <glyph codepoint='31' name='one'/>
    <glyph codepoint='32' name='two'/>
    <glyph codepoint='33' name='three'/>
    <glyph codepoint='34' name='four'/>
    <glyph codepoint='35' name='five'/>
    <glyph codepoint='36' name='six'/>
    <glyph codepoint='37' name='seven'/>
    <glyph codepoint='38' name='eight'/>
    <glyph codepoint='39' name='nine'/>
    <glyph codepoint='3a' name='colon'/>
    <glyph codepoint='3b' name='semicolon'/>
    <glyph codepoint='3c' name='less'/>
    <glyph codepoint='3d' name='equal'/>
    <glyph codepoint='3e' name='greater'/>
    <glyph codepoint='3f' name='question'/>
    <glyph codepoint='40' name='at'/>
    <glyph codepoint='41' name='A'/>
    <glyph codepoint='42' name='B'/>
    <glyph codepoint='43' name='C'/>
    <glyph codepoint='44' name='D'/>
    <glyph codepoint='45' name='E'/>
    <glyph codepoint='46' name='F'/>
    <glyph codepoint='47' name='G'/>
    <glyph codepoint='48' name='H'/>
    <glyph codepoint='49' name='I'/>
    <glyph codepoint='4a' name='J'/>
    <glyph codepoint='4b' name='K'/>
    <glyph codepoint='4c' name='L'/>
    <glyph codepoint='4d' name='M'/>
    <glyph codepoint='4e' name='N'/>
    <glyph codepoint='4f' name='O'/>
    <glyph codepoint='50' name='P'/>
    <glyph codepoint='51' name='Q'/>
    <glyph codepoint='52' name='R'/>
    <glyph codepoint='53' name='S'/>
    <glyph codepoint='54' name='T'/>
    <glyph codepoint='55' name='U'/>
    <glyph codepoint='56' name='V'/>
    <glyph codepoint='57' name='W'/>
    <glyph codepoint='58' name='X'/>
    <glyph codepoint='59' name='Y'/>
    <glyph codepoint='5a' name='Z'/>
    <glyph codepoint='5b' name='bracketleft'/>
    <glyph codepoint='5c' name='backslash'/>
    <glyph codepoint='5d' name='bracketright'/>
    <glyph codepoint='5e' name='asciicircum'/>
    <glyph codepoint='5f' name='underscore'/>
    <glyph codepoint='60' name='grave'/>
    <glyph codepoint='61' name='a'/>
    <glyph codepoint='62' name='b'/>
    <glyph codepoint='63' name='c'/>
    <glyph codepoint='64' name='d'/>
    <glyph codepoint='65' name='e'/>
    <glyph codepoint='66' name='f'/>
    <glyph codepoint='67' name='g'/>
    <glyph codepoint='68' name='h'/>
    <glyph codepoint='69' name='i'/>
    <glyph codepoint='6a' name='j'/>
    <glyph codepoint='6b' name='k'/>
    <glyph codepoint='6c' name='l'/>
    <glyph codepoint='6d' name='m'/>
    <glyph codepoint='6e' name='n'/>
    <glyph codepoint='6f' name='o'/>
    <glyph codepoint='70' name='p'/>
    <glyph codepoint='71' name='q'/>
    <glyph codepoint='72' name='r'/>
    <glyph codepoint='73' name='s'/>
    <glyph codepoint='74' name='t'/>
    <glyph codepoint='75' name='u'/>
    <glyph codepoint='76' name='v'/>
    <glyph codepoint='77' name='w'/>
    <glyph codepoint='78' name='x'/>
    <glyph codepoint='79' name='y'/>
    <glyph codepoint='7a' name='z'/>
    <glyph codepoint='7b' name='braceleft'/>
    <glyph codepoint='7c' name='bar'/>
    <glyph codepoint='7d' name='braceright'/>
    <glyph codepoint='7e' name='asciitilde'/>
    <glyph codepoint='80' name='bullet'/>
    <glyph codepoint='81' name='dagger'/>
    <glyph codepoint='82' name='daggerdbl'/>
    <glyph codepoint='83' name='ellipsis'/>
    <glyph codepoint='84' name='emdash'/>
    <glyph codepoint='85' name='endash'/>
    <glyph codepoint='86' name='florin'/>
    <glyph codepoint='87' name='fraction'/>
    <glyph codepoint='88' name='guilsinglleft'/>
    <glyph codepoint='89' name='guilsinglright'/>
    <glyph codepoint='8a' name='minus'/>
    <glyph codepoint='8b' name='perthousand'/>
    <glyph codepoint='8c' name='quotedblbase'/>
    <glyph codepoint='8d' name='quotedblleft'/>
    <glyph codepoint='8e' name='quotedblright'/>
    <glyph codepoint='8f' name='quoteleft'/>
    <glyph codepoint='90' name='quoteright'/>
    <glyph codepoint='91' name='quotesinglbase'/>
    <glyph codepoint='92' name='trademark'/>
    <glyph codepoint='93' name='fi'/>
    <glyph codepoint='94' name='fl'/>
    <glyph codepoint='95' name='Lslash'/>
    <glyph codepoint='96' name='OE'/>
    <glyph codepoint='97' name='Scaron'/>
    <glyph codepoint='98' name='Ydieresis'/>
    <glyph codepoint='99' name='Zcaron'/>
    <glyph codepoint='9a' name='dotlessi'/>
    <glyph codepoint='9b' name='lslash'/>
    <glyph codepoint='9c' name='oe'/>
    <glyph codepoint='9d' name='scaron'/>
    <glyph codepoint='9e' name='zcaron'/>
    <glyph codepoint='a0' name='Euro'/>
    <glyph codepoint='a1' name='exclamdown'/>
    <glyph codepoint='a2' name='cent'/>
    <glyph codepoint='a3' name='sterling'/>
    <glyph codepoint='a4' name='currency'/>
    <glyph codepoint='a5' name='yen'/>
    <glyph codepoint='a6' name='brokenbar'/>
    <glyph codepoint='a7' name='section'/>
    <glyph codepoint='a8' name='dieresis'/>
    <glyph codepoint='a9' name='copyright'/>
    <glyph codepoint='aa' name='ordfeminine'/>
    <glyph codepoint='ab' name='guillemotleft'/>
    <glyph codepoint='ac' name='logicalnot'/>
    <glyph codepoint='ae' name='registered'/>
    <glyph codepoint='af' name='macron'/>
    <glyph codepoint='b0' name='degree'/>
    <glyph codepoint='b1' name='plusminus'/>
    <glyph codepoint='b2' name='twosuperior'/>
    <glyph codepoint='b3' name='threesuperior'/>
    <glyph codepoint='b4' name='acute'/>
    <glyph codepoint='b5' name='mu'/>
    <glyph codepoint='b6' name='paragraph'/>
    <glyph codepoint='b7' name='periodcentered'/>
    <glyph codepoint='b8' name='cedilla'/>
    <glyph codepoint='b9' name='onesuperior'/>
    <glyph codepoint='ba' name='ordmasculine'/>
    <glyph codepoint='bb' name='guillemotright'/>
    <glyph codepoint='bc' name='onequarter'/>
    <glyph codepoint='bd' name='onehalf'/>
    <glyph codepoint='be' name='threequarters'/>
    <glyph codepoint='bf' name='questiondown'/>
    <glyph codepoint='c0' name='Agrave'/>
    <glyph codepoint='c1' name='Aacute'/>
    <glyph codepoint='c2' name='Acircumflex'/>
    <glyph codepoint='c3' name='Atilde'/>
    <glyph codepoint='c4' name='Adieresis'/>
    <glyph codepoint='c5' name='Aring'/>
    <glyph codepoint='c6' name='AE'/>
    <glyph codepoint='c7' name='Ccedilla'/>
    <glyph codepoint='c8' name='Egrave'/>
    <glyph codepoint='c9' name='Eacute'/>
    <glyph codepoint='ca' name='Ecircumflex'/>
    <glyph codepoint='cb' name='Edieresis'/>
    <glyph codepoint='cc' name='Igrave'/>
    <glyph codepoint='cd' name='Iacute'/>
    <glyph codepoint='ce' name='Icircumflex'/>
    <glyph codepoint='cf' name='Idieresis'/>
    <glyph codepoint='d0' name='Eth'/>
    <glyph codepoint='d1' name='Ntilde'/>
    <glyph codepoint='d2' name='Ograve'/>
    <glyph codepoint='d3' name='Oacute'/>
    <glyph codepoint='d4' name='Ocircumflex'/>
    <glyph codepoint='d5' name='Otilde'/>
    <glyph codepoint='d6' name='Odieresis'/>
    <glyph codepoint='d7' name='multiply'/>
    <glyph codepoint='d8' name='Oslash'/>
    <glyph codepoint='d9' name='Ugrave'/>
    <glyph codepoint='da' name='Uacute'/>
    <glyph codepoint='db' name='Ucircumflex'/>
    <glyph codepoint='dc' name='Udieresis'/>
    <glyph codepoint='dd' name='Yacute'/>
    <glyph codepoint='de' name='Thorn'/>
    <glyph codepoint='df' name='germandbls'/>
    <glyph codepoint='e0' name='agrave'/>
    <glyph codepoint='e1' name='aacute'/>
    <glyph codepoint='e2' name='acircumflex'/>
    <glyph codepoint='e3' name='atilde'/>
    <glyph codepoint='e4' name='adieresis'/>
    <glyph codepoint='e5' name='aring'/>
    <glyph codepoint='e6' name='ae'/>
    <glyph codepoint='e7' name='ccedilla'/>
    <glyph codepoint='e8' name='egrave'/>
    <glyph codepoint='e9' name='eacute'/>
    <glyph codepoint='ea' name='ecircumflex'/>
    <glyph codepoint='eb' name='edieresis'/>
    <glyph codepoint='ec' name='igrave'/>
    <glyph codepoint='ed' name='iacute'/>
    <glyph codepoint='ee' name='icircumflex'/>
    <glyph codepoint='ef' name='idieresis'/>
    <glyph codepoint='f0' name='eth'/>
    <glyph codepoint='f1' name='ntilde'/>
    <glyph codepoint='f2' name='ograve'/>
    <glyph codepoint='f3' name='oacute'/>
    <glyph codepoint='f4' name='ocircumflex'/>
    <glyph codepoint='f5' name='otilde'/>
    <glyph codepoint='f6' name='odieresis'/>
    <glyph codepoint='f7' name='divide'/>
    <glyph codepoint='f8' name='oslash'/>
    <glyph codepoint='f9' name='ugrave'/>
    <glyph codepoint='fa' name='uacute'/>
    <glyph codepoint='fb' name='ucircumflex'/>
    <glyph codepoint='fc' name='udieresis'/>
    <glyph codepoint='fd' name='yacute'/>
    <glyph codepoint='fe' name='thorn'/>
    <glyph codepoint='ff' name='ydieresis'/>
  </encoding>
  <encoding id='SymbolEncoding' constant="SYMBOL_ENCODING" glyphlist='AGL'>
    <glyph codepoint='20' name='space'/>
    <glyph codepoint='21' name='exclam'/>
    <glyph codepoint='22' name='universal'/>
    <glyph codepoint='23' name='numbersign'/>
    <glyph codepoint='24' name='existential'/>
    <glyph codepoint='25' name='percent'/>
    <glyph codepoint='26' name='ampersand'/>
    <glyph codepoint='27' name='suchthat'/>
    <glyph codepoint='28' name='parenleft'/>
    <glyph codepoint='29' name='parenright'/>
    <glyph codepoint='2a' name='asteriskmath'/>
    <glyph codepoint='2b' name='plus'/>
    <glyph codepoint='2c' name='comma'/>
    <glyph codepoint='2d' name='minus'/>
    <glyph codepoint='2e' name='period'/>
    <glyph codepoint='2f' name='slash'/>
    <glyph codepoint='30' name='zero'/>
    <glyph codepoint='31' name='one'/>
    <glyph codepoint='32' name='two'/>
    <glyph codepoint='33' name='three'/>
    <glyph codepoint='34' name='four'/>
    <glyph codepoint='35' name='five'/>
    <glyph codepoint='36' name='six'/>
    <glyph codepoint='37' name='seven'/>
    <glyph codepoint='38' name='eight'/>
    <glyph codepoint='39' name='nine'/>
    <glyph codepoint='3a' name='colon'/>
    <glyph codepoint='3b' name='semicolon'/>
    <glyph codepoint='3c' name='less'/>
    <glyph codepoint='3d' name='equal'/>
    <glyph codepoint='3e' name='greater'/>
    <glyph codepoint='3f' name='question'/>
    <glyph codepoint='40' name='congruent'/>
    <glyph codepoint='41' name='Alpha'/>
    <glyph codepoint='42' name='Beta'/>
    <glyph codepoint='43' name='Chi'/>
    <glyph codepoint='44' name='Delta'/>
    <glyph codepoint='45' name='Epsilon'/>
    <glyph codepoint='46' name='Phi'/>
    <glyph codepoint='47' name='Gamma'/>
    <glyph codepoint='48' name='Eta'/>
    <glyph codepoint='49' name='Iota'/>
    <glyph codepoint='4a' name='theta1'/>
    <glyph codepoint='4b' name='Kappa'/>
    <glyph codepoint='4c' name='Lambda'/>
    <glyph codepoint='4d' name='Mu'/>
    <glyph codepoint='4e' name='Nu'/>
    <glyph codepoint='4f' name='Omicron'/>
    <glyph codepoint='50' name='Pi'/>
    <glyph codepoint='51' name='Theta'/>
    <glyph codepoint='52' name='Rho'/>
    <glyph codepoint='53' name='Sigma'/>
    <glyph codepoint='54' name='Tau'/>
    <glyph codepoint='55' name='Upsilon'/>
    <glyph codepoint='56' name='sigma1'/>
    <glyph codepoint='57' name='Omega'/>
    <glyph codepoint='58' name='Xi'/>
    <glyph codepoint='59' name='Psi'/>
    <glyph codepoint='5a' name='Zeta'/>
    <glyph codepoint='5b' name='bracketleft'/>
    <glyph codepoint='5c' name='therefore'/>
    <glyph codepoint='5d' name='bracketright'/>
    <glyph codepoint='5e' name='perpendicular'/>
    <glyph codepoint='5f' name='underscore'/>
    <glyph codepoint='60' name='radicalex'/>
    <glyph codepoint='61' name='alpha'/>
    <glyph codepoint='62' name='beta'/>
    <glyph codepoint='63' name='chi'/>
    <glyph codepoint='64' name='delta'/>
    <glyph codepoint='65' name='epsilon'/>
    <glyph codepoint='66' name='phi'/>
    <glyph codepoint='67' name='gamma'/>
    <glyph codepoint='68' name='eta'/>
    <glyph codepoint='69' name='iota'/>
    <glyph codepoint='6a' name='phi1'/>
    <glyph codepoint='6b' name='kappa'/>
    <glyph codepoint='6c' name='lambda'/>
    <glyph codepoint='6d' name='mu'/>
    <glyph codepoint='6e' name='nu'/>
    <glyph codepoint='6f' name='omicron'/>
    <glyph codepoint='70' name='pi'/>
    <glyph codepoint='71' name='theta'/>
    <glyph codepoint='72' name='rho'/>
    <glyph codepoint='73' name='sigma'/>
    <glyph codepoint='74' name='tau'/>
    <glyph codepoint='75' name='upsilon'/>
    <glyph codepoint='76' name='omega1'/>
    <glyph codepoint='77' name='omega'/>
    <glyph codepoint='78' name='xi'/>
    <glyph codepoint='79' name='psi'/>
    <glyph codepoint='7a' name='zeta'/>
    <glyph codepoint='7b' name='braceleft'/>
    <glyph codepoint='7c' name='bar'/>
    <glyph codepoint='7d' name='braceright'/>
    <glyph codepoint='7e' name='similar'/>
    <glyph codepoint='a0' name='Euro'/>
    <glyph codepoint='a1' name='Upsilon1'/>
    <glyph codepoint='a2' name='minute'/>
    <glyph codepoint='a3' name='lessequal'/>
    <glyph codepoint='a4' name='fraction'/>
    <glyph codepoint='a5' name='infinity'/>
    <glyph codepoint='a6' name='florin'/>
    <glyph codepoint='a7' name='club'/>
    <glyph codepoint='a8' name='diamond'/>
    <glyph codepoint='a9' name='heart'/>
    <glyph codepoint='aa' name='spade'/>
    <glyph codepoint='ab' name='arrowboth'/>
    <glyph codepoint='ac' name='arrowleft'/>
    <glyph codepoint='ad' name='arrowup'/>
    <glyph codepoint='ae' name='arrowright'/>
    <glyph codepoint='af' name='arrowdown'/>
    <glyph codepoint='b0' name='degree'/>
    <glyph codepoint='b1' name='plusminus'/>
    <glyph codepoint='b2' name='second'/>
    <glyph codepoint='b3' name='greaterequal'/>
    <glyph codepoint='b4' name='multiply'/>
    <glyph codepoint='b5' name='proportional'/>
    <glyph codepoint='b6' name='partialdiff'/>
    <glyph codepoint='b7' name='bullet'/>
    <glyph codepoint='b8' name='divide'/>
    <glyph codepoint='b9' name='notequal'/>
    <glyph codepoint='ba' name='equivalence'/>
    <glyph codepoint='bb' name='approxequal'/>
    <glyph codepoint='bc' name='ellipsis'/>
    <glyph codepoint='bd' name='arrowvertex'/>
    <glyph codepoint='be' name='arrowhorizex'/>
    <glyph codepoint='bf' name='carriagereturn'/>
    <glyph codepoint='c0' name='aleph'/>
    <glyph codepoint='c1' name='Ifraktur'/>
    <glyph codepoint='c2' name='Rfraktur'/>
    <glyph codepoint='c3' name='weierstrass'/>
    <glyph codepoint='c4' name='circlemultiply'/>
    <glyph codepoint='c5' name='circleplus'/>
    <glyph codepoint='c6' name='emptyset'/>
    <glyph codepoint='c7' name='intersection'/>
    <glyph codepoint='c8' name='union'/>
    <glyph codepoint='c9' name='propersuperset'/>
    <glyph codepoint='ca' name='reflexsuperset'/>
    <glyph codepoint='cb' name='notsubset'/>
    <glyph codepoint='cc' name='propersubset'/>
    <glyph codepoint='cd' name='reflexsubset'/>
    <glyph codepoint='ce' name='element'/>
    <glyph codepoint='cf' name='notelement'/>
    <glyph codepoint='d0' name='angle'/>
    <glyph codepoint='d1' name='gradient'/>
    <glyph codepoint='d2' name='registerserif'/>
    <glyph codepoint='d3' name='copyrightserif'/>
    <glyph codepoint='d4' name='trademarkserif'/>
    <glyph codepoint='d5' name='product'/>
    <glyph codepoint='d6' name='radical'/>
    <glyph codepoint='d7' name='dotmath'/>
    <glyph codepoint='d8' name='logicalnot'/>
    <glyph codepoint='d9' name='logicaland'/>
    <glyph codepoint='da' name='logicalor'/>
    <glyph codepoint='db' name='arrowdblboth'/>
    <glyph codepoint='dc' name='arrowdblleft'/>
    <glyph codepoint='dd' name='arrowdblup'/>
    <glyph codepoint='de' name='arrowdblright'/>
    <glyph codepoint='df' name='arrowdbldown'/>
    <glyph codepoint='e0' name='lozenge'/>
    <glyph codepoint='e1' name='angleleft'/>
    <glyph codepoint='e2' name='registersans'/>
    <glyph codepoint='e3' name='copyrightsans'/>
    <glyph codepoint='e4' name='trademarksans'/>
    <glyph codepoint='e5' name='summation'/>
    <glyph codepoint='e6' name='parenlefttp'/>
    <glyph codepoint='e7' name='parenleftex'/>
    <glyph codepoint='e8' name='parenleftbt'/>
    <glyph codepoint='e9' name='bracketlefttp'/>
    <glyph codepoint='ea' name='bracketleftex'/>
    <glyph codepoint='eb' name='bracketleftbt'/>
    <glyph codepoint='ec' name='bracelefttp'/>
    <glyph codepoint='ed' name='braceleftmid'/>
    <glyph codepoint='ee' name='braceleftbt'/>
    <glyph codepoint='ef' name='braceex'/>
    <glyph codepoint='f1' name='angleright'/>
    <glyph codepoint='f2' name='integral'/>
    <glyph codepoint='f3' name='integraltp'/>
    <glyph codepoint='f4' name='integralex'/>
    <glyph codepoint='f5' name='integralbt'/>
    <glyph codepoint='f6' name='parenrighttp'/>
    <glyph codepoint='f7' name='parenrightex'/>
    <glyph codepoint='f8' name='parenrightbt'/>
    <glyph codepoint='f9' name='bracketrighttp'/>
    <glyph codepoint='fa' name='bracketrightex'/>
    <glyph codepoint='fb' name='bracketrightbt'/>
    <glyph codepoint='fc' name='bracerighttp'/>
    <glyph codepoint='fd' name='bracerightmid'/>
    <glyph codepoint='fe' name='bracerightbt'/>
  </encoding>
  <encoding id='ZapfDingbatsEncoding' constant="ZAPF_DINGBATS_ENCODING" glyphlist='ZGL'>
    <glyph codepoint='20' name='space'/>
    <glyph codepoint='21' name='a1'/>
    <glyph codepoint='22' name='a2'/>
    <glyph codepoint='23' name='a202'/>
    <glyph codepoint='24' name='a3'/>
    <glyph codepoint='25' name='a4'/>
    <glyph codepoint='26' name='a5'/>
    <glyph codepoint='27' name='a119'/>
    <glyph codepoint='28' name='a118'/>
    <glyph codepoint='29' name='a117'/>
    <glyph codepoint='2A' name='a11'/>
    <glyph codepoint='2B' name='a12'/>
    <glyph codepoint='2C' name='a13'/>
    <glyph codepoint='2D' name='a14'/>
    <glyph codepoint='2E' name='a15'/>
    <glyph codepoint='2F' name='a16'/>
    <glyph codepoint='30' name='a105'/>
    <glyph codepoint='31' name='a17'/>
    <glyph codepoint='32' name='a18'/>
    <glyph codepoint='33' name='a19'/>
    <glyph codepoint='34' name='a20'/>
    <glyph codepoint='35' name='a21'/>
    <glyph codepoint='36' name='a22'/>
    <glyph codepoint='37' name='a23'/>
    <glyph codepoint='38' name='a24'/>
    <glyph codepoint='39' name='a25'/>
    <glyph codepoint='3A' name='a26'/>
    <glyph codepoint='3B' name='a27'/>
    <glyph codepoint='3C' name='a28'/>
    <glyph codepoint='3D' name='a6'/>
    <glyph codepoint='3E' name='a7'/>
    <glyph codepoint='3F' name='a8'/>
    <glyph codepoint='40' name='a9'/>
    <glyph codepoint='41' name='a10'/>
    <glyph codepoint='42' name='a29'/>
    <glyph codepoint='43' name='a30'/>
    <glyph codepoint='44' name='a31'/>
    <glyph codepoint='45' name='a32'/>
    <glyph codepoint='46' name='a33'/>
    <glyph codepoint='47' name='a34'/>
    <glyph codepoint='48' name='a35'/>
    <glyph codepoint='49' name='a36'/>
    <glyph codepoint='4A' name='a37'/>
    <glyph codepoint='4B' name='a38'/>
    <glyph codepoint='4C' name='a39'/>
    <glyph codepoint='4D' name='a40'/>
    <glyph codepoint='4E' name='a41'/>
    <glyph codepoint='4F' name='a42'/>
    <glyph codepoint='50' name='a43'/>
    <glyph codepoint='51' name='a44'/>
    <glyph codepoint='52' name='a45'/>
    <glyph codepoint='53' name='a46'/>
    <glyph codepoint='54' name='a47'/>
    <glyph codepoint='55' name='a48'/>
    <glyph codepoint='56' name='a49'/>
    <glyph codepoint='57' name='a50'/>
    <glyph codepoint='58' name='a51'/>
    <glyph codepoint='59' name='a52'/>
    <glyph codepoint='5A' name='a53'/>
    <glyph codepoint='5B' name='a54'/>
    <glyph codepoint='5C' name='a55'/>
    <glyph codepoint='5D' name='a56'/>
    <glyph codepoint='5E' name='a57'/>
    <glyph codepoint='5F' name='a58'/>
    <glyph codepoint='60' name='a59'/>
    <glyph codepoint='61' name='a60'/>
    <glyph codepoint='62' name='a61'/>
    <glyph codepoint='63' name='a62'/>
    <glyph codepoint='64' name='a63'/>
    <glyph codepoint='65' name='a64'/>
    <glyph codepoint='66' name='a65'/>
    <glyph codepoint='67' name='a66'/>
    <glyph codepoint='68' name='a67'/>
    <glyph codepoint='69' name='a68'/>
    <glyph codepoint='6A' name='a69'/>
    <glyph codepoint='6B' name='a70'/>
    <glyph codepoint='6C' name='a71'/>
    <glyph codepoint='6D' name='a72'/>
    <glyph codepoint='6E' name='a73'/>
    <glyph codepoint='6F' name='a74'/>
    <glyph codepoint='70' name='a203'/>
    <glyph codepoint='71' name='a75'/>
    <glyph codepoint='72' name='a204'/>
    <glyph codepoint='73' name='a76'/>
    <glyph codepoint='74' name='a77'/>
    <glyph codepoint='75' name='a78'/>
    <glyph codepoint='76' name='a79'/>
    <glyph codepoint='77' name='a81'/>
    <glyph codepoint='78' name='a82'/>
    <glyph codepoint='79' name='a83'/>
    <glyph codepoint='7A' name='a84'/>
    <glyph codepoint='7B' name='a97'/>
    <glyph codepoint='7C' name='a98'/>
    <glyph codepoint='7D' name='a99'/>
    <glyph codepoint='7E' name='a100'/>
    <glyph codepoint='80' name='a89'/>
    <glyph codepoint='81' name='a90'/>
    <glyph codepoint='82' name='a93'/>
    <glyph codepoint='83' name='a94'/>
    <glyph codepoint='84' name='a91'/>
    <glyph codepoint='85' name='a92'/>
    <glyph codepoint='86' name='a205'/>
    <glyph codepoint='87' name='a85'/>
    <glyph codepoint='88' name='a206'/>
    <glyph codepoint='89' name='a86'/>
    <glyph codepoint='8A' name='a87'/>
    <glyph codepoint='8B' name='a88'/>
    <glyph codepoint='8C' name='a95'/>
    <glyph codepoint='8D' name='a96'/>
    <glyph codepoint='A1' name='a101'/>
    <glyph codepoint='A2' name='a102'/>
    <glyph codepoint='A3' name='a103'/>
    <glyph codepoint='A4' name='a104'/>
    <glyph codepoint='A5' name='a106'/>
    <glyph codepoint='A6' name='a107'/>
    <glyph codepoint='A7' name='a108'/>
    <glyph codepoint='A8' name='a112'/>
    <glyph codepoint='A9' name='a111'/>
    <glyph codepoint='AA' name='a110'/>
    <glyph codepoint='AB' name='a109'/>
    <glyph codepoint='AC' name='a120'/>
    <glyph codepoint='AD' name='a121'/>
    <glyph codepoint='AE' name='a122'/>
    <glyph codepoint='AF' name='a123'/>
    <glyph codepoint='B0' name='a124'/>
    <glyph codepoint='B1' name='a125'/>
    <glyph codepoint='B2' name='a126'/>
    <glyph codepoint='B3' name='a127'/>
    <glyph codepoint='B4' name='a128'/>
    <glyph codepoint='B5' name='a129'/>
    <glyph codepoint='B6' name='a130'/>
    <glyph codepoint='B7' name='a131'/>
    <glyph codepoint='B8' name='a132'/>
    <glyph codepoint='B9' name='a133'/>
    <glyph codepoint='BA' name='a134'/>
    <glyph codepoint='BB' name='a135'/>
    <glyph codepoint='BC' name='a136'/>
    <glyph codepoint='BD' name='a137'/>
    <glyph codepoint='BE' name='a138'/>
    <glyph codepoint='BF' name='a139'/>
    <glyph codepoint='C0' name='a140'/>
    <glyph codepoint='C1' name='a141'/>
    <glyph codepoint='C2' name='a142'/>
    <glyph codepoint='C3' name='a143'/>
    <glyph codepoint='C4' name='a144'/>
    <glyph codepoint='C5' name='a145'/>
    <glyph codepoint='C6' name='a146'/>
    <glyph codepoint='C7' name='a147'/>
    <glyph codepoint='C8' name='a148'/>
    <glyph codepoint='C9' name='a149'/>
    <glyph codepoint='CA' name='a150'/>
    <glyph codepoint='CB' name='a151'/>
    <glyph codepoint='CC' name='a152'/>
    <glyph codepoint='CD' name='a153'/>
    <glyph codepoint='CE' name='a154'/>
    <glyph codepoint='CF' name='a155'/>
    <glyph codepoint='D0' name='a156'/>
    <glyph codepoint='D1' name='a157'/>
    <glyph codepoint='D2' name='a158'/>
    <glyph codepoint='D3' name='a159'/>
    <glyph codepoint='D4' name='a160'/>
    <glyph codepoint='D5' name='a161'/>
    <glyph codepoint='D6' name='a163'/>
    <glyph codepoint='D7' name='a164'/>
    <glyph codepoint='D8' name='a196'/>
    <glyph codepoint='D9' name='a165'/>
    <glyph codepoint='DA' name='a192'/>
    <glyph codepoint='DB' name='a166'/>
    <glyph codepoint='DC' name='a167'/>
    <glyph codepoint='DD' name='a168'/>
    <glyph codepoint='DE' name='a169'/>
    <glyph codepoint='DF' name='a170'/>
    <glyph codepoint='E0' name='a171'/>
    <glyph codepoint='E1' name='a172'/>
    <glyph codepoint='E2' name='a173'/>
    <glyph codepoint='E3' name='a162'/>
    <glyph codepoint='E4' name='a174'/>
    <glyph codepoint='E5' name='a175'/>
    <glyph codepoint='E6' name='a176'/>
    <glyph codepoint='E7' name='a177'/>
    <glyph codepoint='E8' name='a178'/>
    <glyph codepoint='E9' name='a179'/>
    <glyph codepoint='EA' name='a193'/>
    <glyph codepoint='EB' name='a180'/>
    <glyph codepoint='EC' name='a199'/>
    <glyph codepoint='ED' name='a181'/>
    <glyph codepoint='EE' name='a200'/>
    <glyph codepoint='EF' name='a182'/>
    <glyph codepoint='F1' name='a201'/>
    <glyph codepoint='F2' name='a183'/>
    <glyph codepoint='F3' name='a184'/>
    <glyph codepoint='F4' name='a197'/>
    <glyph codepoint='F5' name='a185'/>
    <glyph codepoint='F6' name='a194'/>
    <glyph codepoint='F7' name='a198'/>
    <glyph codepoint='F8' name='a186'/>
    <glyph codepoint='F9' name='a195'/>
    <glyph codepoint='FA' name='a187'/>
    <glyph codepoint='FB' name='a188'/>
    <glyph codepoint='FC' name='a189'/>
    <glyph codepoint='FD' name='a190'/>
    <glyph codepoint='FE' name='a191'/>
  </encoding>
  <!-- 
    TODO: Provide data for ExpertEncoding and ExpertSubsetEncoding
    see http://www.adobe.com/devnet/font/pdfs/5176.CFF.pdf for details.
  -->
</encoding-set>
